{"colabs_ad_single":"false","colabs_ad_single_adsense":"","colabs_ad_single_image":"","colabs_ad_single_url":"http:\/\/www.colorlabsproject.com","colabs_auto_img":"true","colabs_brand_title":"Brands","colabs_captcha_enable":"true","colabs_captcha_private_key":"","colabs_captcha_public_key":"","colabs_captcha_theme":"red","colabs_contactform_email":"","colabs_contact_number":"SALES +62 123 456 78","colabs_custom_favicon":"http:\/\/demo.colorlabsproject.com\/plaza-wpec\/wp-content\/themes\/plaza\/images\/favicon.png","colabs_custom_field_image":"","colabs_disable_mobile":"false","colabs_featured_title":"Featured Products","colabs_feedlinkcomments":"","colabs_feedlinkurl":"","colabs_footer_credit":"false","colabs_footer_credit_txt":"","colabs_google_analytics":"","colabs_gosquared_id":"","colabs_headline_product":"128","colabs_latest_limit":"8","colabs_latest_title":"Latest Products","colabs_layout_settings":"two-col-left","colabs_logo":"http:\/\/demo.colorlabsproject.com\/plaza-wpec\/wp-content\/themes\/plaza\/images\/logo.png","colabs_logotitle":"title","colabs_og_admins":"","colabs_og_enable":"","colabs_og_img":"","colabs_og_sitename":"","colabs_pis_hard_crop":"true","colabs_pis_resize":"true","colabs_post_image_support":"true","colabs_pt_enable":"true","colabs_resize":"true","colabs_rss_thumb":"false","colabs_shop_page":"1562","colabs_single_share":"a:4:{i:0;s:6:\"fblike\";i:1;s:7:\"twitter\";i:2;s:14:\"google_plusone\";i:3;s:9:\"pinterest\";}","colabs_social_facebook":"http:\/\/facebook.com\/colorlabs\/","colabs_social_flickr":"http:\/\/flickr.com\/","colabs_social_twitter":"http:\/\/twitter.com\/colorlabs\/","colabs_thumb_h":"100","colabs_thumb_w":"100","colabs_twitter_account":"colorlabs","colabsthemes-backup-validator":"2014-06-11 03:40:03"}